[
    {
        "function": "set_attributes",
        "modifiers": [
            {
                "name": "a",
                "attribute": "generic.attack_damage",
                "amount": 8,
                "operation": "addition",
                "slot": "mainhand"
            },
            {
                "name": "a",
                "attribute": "generic.attack_speed",
                "amount": -2.4,
                "operation": "addition",
                "slot": "mainhand"
            }
        ]
    },
    {
        "function": "set_nbt",
        "tag": "{display:{Name:'{\"text\":\"Enderite Sword\",\"italic\": false,\"color\":\"dark_purple\"}'}}"
    }
]