{
  "structures": [
    {
      "structure": "ati_structures:deepslate_keep",
      "weight": 1
    },
    {
      "structure": "ati_structures:haunted_ruin",
      "weight": 1
    },
    {
      "structure": "ati_structures:ice_tribe",
      "weight": 1
    },
    {
      "structure": "ati_structures:nomadic_camp",
      "weight": 1
    },
    {
      "structure": "ati_structures:rotten_log",
      "weight": 1
    },
    {
      "structure": "ati_structures:stray_ruins",
      "weight": 1
    },
    {
      "structure": "ati_structures:rotting_temple",
      "weight": 1
    },
    {
      "structure": "ati_structures:mosque",
      "weight": 1
    },
    {
      "structure": "ati_structures:lighthouse",
      "weight": 1
    },
    {
      "structure": "ati_structures:old_home",
      "weight": 1
    }
  ],
  "placement": {
    "type": "minecraft:random_spread",
    "salt": 123456234,
    "locate_offset": [0, 5, -5],
    "spacing": 40,
    "separation": 10
  }
}
