{
    "elements": [
      {
        "element": {
          "element_type": "minecraft:single_pool_element",
          "location": "eugene:trader_camp",
          "processors": "minecraft:empty",
          "projection": "rigid"
        },
        "weight": 100
      },
      {
        "element": {
          "element_type": "minecraft:single_pool_element",
          "location": "eugene:trader_camp_fake",
          "processors": "minecraft:empty",
          "projection": "rigid"
        },
        "weight": 10
      },
      {
        "element": {
          "element_type": "minecraft:single_pool_element",
          "location": "eugene:trader_camp_lost_llama",
          "processors": "minecraft:empty",
          "projection": "rigid"
        },
        "weight": 15
      },
      {
        "element": {
          "element_type": "minecraft:single_pool_element",
          "location": "eugene:pillager_camp",
          "processors": "minecraft:empty",
          "projection": "rigid"
        },
        "weight": 120
      }
    ],
    "fallback": "minecraft:empty",
    "name": "eugene:camp"
  }