{
  "name": "eugene:pillager_loot_carriage",
  "fallback": "minecraft:empty",
  "elements": [
      {
          "element": {
              "element_type": "minecraft:single_pool_element",
              "projection": "rigid",
              "processors": "minecraft:empty",
              "location": "eugene:pillager_loot_carriage"
          },
          "weight": 2
      },
      {
        "element": {
            "element_type": "minecraft:single_pool_element",
            "projection": "rigid",
            "processors": "minecraft:empty",
            "location": "eugene:pillager_chase_villger"
        },
        "weight": 1
    },
    {
      "element": {
          "element_type": "minecraft:single_pool_element",
          "projection": "rigid",
          "processors": "minecraft:empty",
          "location": "eugene:pillager_golem_van"
      },
      "weight": 1
  }
  ]
}

