{"stats":{"minecraft:custom":{"minecraft:time_since_rest":33856,"minecraft:crouch_one_cm":117,"minecraft:sprint_one_cm":10324,"minecraft:play_time":33856,"minecraft:walk_one_cm":19459,"minecraft:damage_taken":80,"minecraft:sneak_time":89,"minecraft:mob_kills":5,"minecraft:jump":142,"minecraft:damage_dealt":980,"minecraft:leave_game":2,"minecraft:time_since_death":33856,"minecraft:total_world_time":33856,"minecraft:fall_one_cm":1287,"minecraft:fly_one_cm":153697},"minecraft:picked_up":{"minecraft:leather":1,"minecraft:porkchop":3,"minecraft:string":1},"minecraft:used":{"minecraft:netherite_sword":10,"minecraft:netherite_shovel":33,"minecraft:grass_block":4,"minecraft:grass":1},"minecraft:killed":{"minecraft:spider":1,"minecraft:trader_llama":2,"minecraft:wandering_trader":1,"minecraft:creeper":1}},"DataVersion":3465}