{"stats":{"minecraft:crafted":{"minecraft:iron_ingot":5},"minecraft:used":{"minecraft:oak_log":8,"minecraft:string":3,"minecraft:packed_mud":57,"minecraft:oak_sign":3,"minecraft:chest":2,"minecraft:barrel":2,"minecraft:white_wool":1,"minecraft:mossy_cobblestone":1,"minecraft:dirt":2,"minecraft:anvil":1,"minecraft:white_stained_glass_pane":2,"minecraft:yellow_carpet":3,"minecraft:coarse_dirt":12},"minecraft:picked_up":{"minecraft:barrier":2,"minecraft:wheat":2,"minecraft:packed_mud":1,"minecraft:villager_spawn_egg":2,"minecraft:ink_sac":3,"minecraft:grass_block":4,"minecraft:barrel":3,"minecraft:dirt":14,"minecraft:white_carpet":1,"minecraft:ghast_spawn_egg":2,"minecraft:compass":4,"minecraft:yellow_carpet":1,"minecraft:wheat_seeds":4,"minecraft:netherite_sword":2,"minecraft:iron_golem_spawn_egg":1,"minecraft:emerald":1,"minecraft:chest":1,"minecraft:coal":4,"minecraft:lime_concrete_powder":4,"minecraft:lime_glazed_terracotta":2},"minecraft:killed":{"minecraft:wandering_trader":1,"minecraft:villager":3},"minecraft:custom":{"minecraft:time_since_rest":67142,"minecraft:sprint_one_cm":246939,"minecraft:walk_one_cm":178241,"minecraft:interact_with_anvil":3,"minecraft:mob_kills":4,"minecraft:damage_dealt":800,"minecraft:traded_with_villager":5,"minecraft:damage_dealt_absorbed":300000,"minecraft:talked_to_villager":62,"minecraft:fly_one_cm":1031554,"minecraft:open_barrel":68,"minecraft:open_chest":23,"minecraft:crouch_one_cm":47,"minecraft:play_time":109654,"minecraft:deaths":1,"minecraft:sneak_time":424,"minecraft:walk_under_water_one_cm":166,"minecraft:jump":784,"minecraft:leave_game":4,"minecraft:walk_on_water_one_cm":5817,"minecraft:time_since_death":67072,"minecraft:climb_one_cm":3479,"minecraft:total_world_time":175409}},"DataVersion":3465}