{
    "pools": [
        {
            "rolls": 1,
            "entries": [
                {
                    "type": "item",
                    "name": "clay_ball",
                    "functions": [
                        {
                            "function": "set_nbt",
                            "tag": "{CustomModelData:1506,endup:1b,display:{Name:'{\"text\": \"Enderite Ingot\",\"color\": \"dark_purple\",\"italic\": false}'},HideFlags:3}"
                        }
                    ]
                }
            ]
        }
    ]
}