{
  "type": "minecraft:chest",
  "pools": [
    {
      "rolls": {
        "min": 5,
        "max": 8
      },
      "bonus_rolls": 1,
      "entries": [
        {
          "type": "minecraft:item",
          "name": "minecraft:brick",
          "weight": 5,
          "functions": [
            {
              "function": "minecraft:set_count",
              "count": {
                "min": 3,
                "max": 10
              }
            }
          ]
        },
        {
          "type": "minecraft:item",
          "name": "minecraft:bricks",
          "weight": 5,
          "functions": [
            {
              "function": "minecraft:set_count",
              "count": {
                "min": 3,
                "max": 5
              }
            }
          ]
        },
        {
          "type": "minecraft:item",
          "name": "minecraft:brick_stairs",
          "weight": 5,
          "functions": [
            {
              "function": "minecraft:set_count",
              "count": {
                "min": 3,
                "max": 5
              }
            }
          ]
        },
        {
          "type": "minecraft:item",
          "name": "minecraft:mud_bricks",
          "weight": 5,
          "functions": [
            {
              "function": "minecraft:set_count",
              "count": {
                "min": 3,
                "max": 5
              }
            }
          ]
        },
        {
          "type": "minecraft:item",
          "name": "minecraft:mud_brick_stairs",
          "weight": 5,
          "functions": [
            {
              "function": "minecraft:set_count",
              "count": {
                "min": 3,
                "max": 5
              }
            }
          ]
        },
        {
          "type": "minecraft:item",
          "name": "minecraft:brown_dye",
          "weight": 4,
          "functions": [
            {
              "function": "minecraft:set_count",
              "count": {
                "min": 3,
                "max": 5
              }
            }
          ]
        },
        {
          "type": "minecraft:item",
          "name": "minecraft:white_dye",
          "weight": 4,
          "functions": [
            {
              "function": "minecraft:set_count",
              "count": {
                "min": 3,
                "max": 5
              }
            }
          ]
        },
        {
          "type": "minecraft:item",
          "name": "minecraft:light_gray_dye",
          "weight": 4,
          "functions": [
            {
              "function": "minecraft:set_count",
              "count": {
                "min": 3,
                "max": 5
              }
            }
          ]
        },
        {
          "type": "minecraft:item",
          "name": "minecraft:gray_dye",
          "weight": 4,
          "functions": [
            {
              "function": "minecraft:set_count",
              "count": {
                "min": 3,
                "max": 5
              }
            }
          ]
        },
        {
          "type": "minecraft:item",
          "name": "minecraft:gunpowder",
          "weight": 4,
          "functions": [
            {
              "function": "minecraft:set_count",
              "count": {
                "min": 3,
                "max": 10
              }
            }
          ]
        },
        {
          "type": "minecraft:item",
          "name": "minecraft:firework_star",
          "weight": 5,
          "functions": [
            {
              "function": "minecraft:set_count",
              "count": {
                "min": 3,
                "max": 5
              }
            }
          ]
        },
        {
          "type": "minecraft:item",
          "name": "minecraft:clay",
          "weight": 4,
          "functions": [
            {
              "function": "minecraft:set_count",
              "count": {
                "min": 3,
                "max": 5
              }
            }
          ]
        },
        {
          "type": "minecraft:item",
          "name": "minecraft:clay_ball",
          "weight": 5,
          "functions": [
            {
              "function": "minecraft:set_count",
              "count": {
                "min": 3,
                "max": 15
              }
            }
          ]
        },
        {
          "type": "minecraft:item",
          "name": "minecraft:nether_brick",
          "weight": 5,
          "functions": [
            {
              "function": "minecraft:set_count",
              "count": {
                "min": 3,
                "max": 8
              }
            }
          ]
        },
        {
          "type": "minecraft:item",
          "name": "minecraft:scaffolding",
          "weight": 5,
          "functions": [
            {
              "function": "minecraft:set_count",
              "count": {
                "min": 6,
                "max": 8
              }
            }
          ]
        }
      ]
    },
    {
      "rolls": 1,
      "entries": [
        {
          "type": "minecraft:item",
          "name": "minecraft:dirt",
          "functions": [
            {
              "function": "minecraft:set_nbt",
              "tag": "{display:{Name:'[\"\",{\"text\":\"Alien Dirt Block Ɑ\",\"italic\":false,\"color\":\"green\"},{\"text\":\"<\",\"italic\":false}]',Lore:['[\"\",{\"text\":\"⌇☍⟟⏚⟟⎅⟟ ⌇⟟⋔☌⏃\",\"italic\":false,\"color\":\"dark_green\"}]','[\"\",{\"text\":\"⌿⍜⋔⋏⟟ ⎅⟟☌⟟⏁\",\"italic\":false,\"color\":\"dark_green\"}]','[\"\",{\"text\":\"⏃⌰ ⎎⍜⍀⏁⋏⟟⏁⟒\",\"italic\":false,\"color\":\"dark_green\"}]','[\"\",{\"text\":\"☊⊑⏃⋔⏚⏃\",\"italic\":false,\"color\":\"dark_green\"}]']},Enchantments:[{lvl:3,id:fire_aspect},{lvl:3,id:unbreaking},{lvl:1,id:vanishing_curse}]}"
            }
          ],
          "conditions": [
            {
              "condition": "minecraft:random_chance",
              "chance": 0.3
            }
          ]
        }
      ]
    },
    {
      "rolls": 1,
      "entries": [
        {
          "type": "minecraft:item",
          "name": "minecraft:leather_chestplate",
          "functions": [
            {
              "function": "minecraft:set_nbt",
              "tag": "{Trim:{pattern:coast,material:emerald},display:{color:11546150,Name:'[\"\",{\"text\":\"Gucci\",\"italic\":false,\"color\":\"dark_green\"},{\"text\":\" \",\"italic\":false,\"color\":\"gold\"},{\"text\":\"T-\",\"italic\":false,\"color\":\"gold\"},{\"text\":\"shirt\",\"italic\":false,\"color\":\"red\"}]',Lore:['[\"\",{\"text\":\"Costs at least 5 dinar \",\"italic\":false,\"color\":\"#ffffcc\"}]']},Enchantments:[{lvl:3,id:protection},{lvl:1,id:thorns},{lvl:10,id:unbreaking}]}"
            }
          ],
          "conditions": [
            {
              "condition": "minecraft:random_chance",
              "chance": 0.3
            }
          ]
        },
        {
          "type": "minecraft:item",
          "name": "minecraft:leather_helmet",
          "functions": [
            {
              "function": "minecraft:set_nbt",
              "tag": "{Trim:{pattern:silence,material:amethyst},display:{color:8978616,Name:'[\"\",{\"text\":\"Amethyst \",\"italic\":false,\"color\":\"dark_purple\"},{\"text\":\"Helm\",\"italic\":false,\"color\":\"light_purple\"}]',Lore:['[\"\",{\"text\":\"Very sturdy\",\"italic\":false,\"color\":\"#660033\"}]']},Enchantments:[{lvl:1,id:aqua_affinity},{lvl:5,id:protection},{lvl:5,id:unbreaking}]}"
            }
          ],
          "conditions": [
            {
              "condition": "minecraft:random_chance",
              "chance": 0.3
            }
          ]
        },
        {
          "type": "minecraft:item",
          "name": "minecraft:fishing_rod",
          "functions": [
            {
              "function": "minecraft:enchant_with_levels",
              "levels": {
                "min": 30,
                "max": 50
              },
              "conditions": [
                {
                  "condition": "minecraft:random_chance",
                  "chance": 0.5
                }
              ]
            }
          ],
          "conditions": [
            {
              "condition": "minecraft:random_chance",
              "chance": 0.5
            }
          ]
        }
      ]
    },
    {
      "rolls": 1,
      "entries": [
        {
          "type": "minecraft:item",
          "name": "minecraft:terracotta",
          "functions": [
            {
              "function": "minecraft:set_count",
              "count": {
                "min": 10,
                "max": 32
              }
            }
          ]
        }
      ]
    }
  ]
}
